{
	"info": {
		"_postman_id": "ee93b130-2cea-48d1-a5cc-6fe0730ce48a",
		"name": "ClienteREST",
		"schema": "https://schema.getpostman.com/json/collection/v2.1.0/collection.json"
	},
	"item": [
		{
			"name": "Ver Todos",
			"protocolProfileBehavior": {
				"disableBodyPruning": true
			},
			"request": {
				"method": "GET",
				"header": [],
				"body": {
					"mode": "raw",
					"raw": "",
					"options": {
						"raw": {
							"language": "json"
						}
					}
				},
				"url": {
					"raw": "http://localhost:8081/api/clientes",
					"protocol": "http",
					"host": [
						"localhost"
					],
					"port": "8081",
					"path": [
						"api",
						"clientes"
					]
				}
			},
			"response": []
		},
		{
			"name": "Borrar por id",
			"request": {
				"method": "DELETE",
				"header": [],
				"url": {
					"raw": "http://localhost:8081/api/clientes/1",
					"protocol": "http",
					"host": [
						"localhost"
					],
					"port": "8081",
					"path": [
						"api",
						"clientes",
						"1"
					]
				}
			},
			"response": []
		},
		{
			"name": "Ver cliente por id",
			"protocolProfileBehavior": {
				"disableBodyPruning": true
			},
			"request": {
				"method": "GET",
				"header": [],
				"body": {
					"mode": "raw",
					"raw": "",
					"options": {
						"raw": {
							"language": "json"
						}
					}
				},
				"url": {
					"raw": "http://localhost:8081/api/clientes/1",
					"protocol": "http",
					"host": [
						"localhost"
					],
					"port": "8081",
					"path": [
						"api",
						"clientes",
						"1"
					]
				}
			},
			"response": []
		},
		{
			"name": "Guardar cliente",
			"request": {
				"method": "POST",
				"header": [],
				"body": {
					"mode": "raw",
					"raw": " {\r\n        \"nombre\": \"Juan\",\r\n        \"apellidos\": \"Rodriguez\",\r\n        \"fecha\": \"2022-04-01\",\r\n        \"dni\": \"12345678M\"\r\n    }",
					"options": {
						"raw": {
							"language": "json"
						}
					}
				},
				"url": {
					"raw": "http://localhost:8081/api/clientes",
					"protocol": "http",
					"host": [
						"localhost"
					],
					"port": "8081",
					"path": [
						"api",
						"clientes"
					]
				}
			},
			"response": []
		},
		{
			"name": "Actualizar cliente",
			"request": {
				"method": "PUT",
				"header": [],
				"body": {
					"mode": "raw",
					"raw": "{\r\n    \"id\": 2,\r\n    \"nombre\": \"Juan\",\r\n    \"apellidos\": \"Molina\",\r\n    \"fecha\": \"2022-04-01\",\r\n    \"dni\": \"12345678M\"\r\n}",
					"options": {
						"raw": {
							"language": "json"
						}
					}
				},
				"url": {
					"raw": "http://localhost:8081/api/clientes",
					"protocol": "http",
					"host": [
						"localhost"
					],
					"port": "8081",
					"path": [
						"api",
						"clientes"
					]
				}
			},
			"response": []
		}
	]
}